id,name,symbol,rank,Tags
1,Bitcoin,BTC,1,"BTC,PoW,Payment"
1027,Ethereum,ETH,2,ETH
5426,Solana,SOL,4,SOL
1839,BNB,BNB,5,"CEX,BN,BNB"
74,Dogecoin,DOGE,6,"Meme,Musk,Dog,PoW,ETH,Politics,PoW"
52,XRP,XRP,7,"SEC,Payment,Grayscale"
2010,Cardano,ADA,9,"ADA,Grayscale"
1958,TRON,TRX,10,"JustinSun,TRX"
5994,Shiba Inu,SHIB,11,"Meme,Dog,ETH"
11419,Toncoin,TON,12,"TON,Russia"
5805,Avalanche,AVAX,13,"AVAX,Grayscale"
20947,Sui,SUI,14,"SUI,Move,Grayscale"
1975,Chainlink,LINK,15,"RWA,Oracle,Grayscale"
1831,Bitcoin Cash,BCH,16,"BTC,PoW,Payment,Grayscale"
6636,Polkadot,DOT,17,"DOT,Modular,L0,Grayscale"
3957,LEO Token,LEO,18,"CEX,Bitfinex"
21794,Aptos,APT,19,"APT,Move"
6535,NEAR Protocol,NEAR,20,"AI,Modular,Abstraction,Grayscale"
24478,Pepe,PEPE,21,"PEPE,ETH,Meme"
2,Litecoin,LTC,22,"PoW,Payment,Grayscale"
7083,Uniswap,UNI,23,"DeFi,SEC,ETH,DEX,Grayscale"
3635,Cronos,CRO,24,"CEX,Crypto.com,CRO"
22974,Bittensor,TAO,25,"AI,DePIN,Grayscale,PoW"
8916,Internet Computer,ICP,26,"AI,Storage,DePIN"
512,Stellar,XLM,27,"Payment,XLM,XRP,Grayscale"
5690,Render,RENDER,28,"AI,DePIN,Computing,Apple,Grayscale"
3773,ASI Alliance,FET,29,"AI,DePIN"
20396,Kaspa,KAS,30,PoW
1321,Ethereum Classic,ETC,31,"PoW,ETH,Grayscale"
21353,WhiteBIT Coin,WBT,33,"CEX,WhiteBit"
28752,dogwifhat,WIF,34,"Meme,SOL,Dog"
29470,Ethena USDe,USDE,35,
28321,Polygon,POL,36,"ETH,POL"
4847,Stacks,STX,37,"BTC,Grayscale,PoW,Storage"
328,Monero,XMR,38,"Privacy,PoW"
7278,Aave,AAVE,39,"DeFi,SEC,ETH,Lending,Trump,Grayscale"
3897,OKB,OKB,40,"CEX,OKX"
23095,Bonk,BONK,41,"SOL,Meme,Dog,Phone"
2280,Filecoin,FIL,42,"Storage,DePIN,Grayscale"
11841,Arbitrum,ARB,43,"ARB,ETH"
7226,Injective,INJ,44,"INJ,DeFi,COSMOS"
27075,Mantle,MNT,45,"CEX,Bybit"
26081,First Digital USD,FDUSD,46,
4642,Hedera,HBAR,47,HBAR
22861,Celestia,TIA,48,"Modular,DA"
10603,Immutable,IMX,49,"ETH,NFT,IMX,GameFi"
3077,VeChain,VET,50,"IoT,VET"
3513,Fantom,FTM,51,"FTM,ONE"
11092,Bitget Token,BGB,52,"CEX,Bitget"
3794,Cosmos Hub,ATOM,53,COSMOS
11840,Optimism,OP,54,"ETH,L2"
10804,FLOKI,FLOKI,55,"SOL,Meme,Dog"
4157,THORChain,RUNE,56,"RUNE,COSMOS"
23149,Sei,SEI,57,"SEI,COSMOS,ETH"
6719,The Graph,GRT,58,"Data,AI,Grayscale"
30171,Ethena,ENA,60,"DeFi,ETH,RWA,Stablecoin"
29210,Jupiter,JUP,61,"SOL,DEX,Aggregator"
29160,HTX DAO,HTX,62,"CEX,HTX,JustinSun"
28177,Pyth Network,PYTH,63,"SOL,Oracle"
13502,Worldcoin,WLD,64,"AI,SamAltman,OpenAI"
28782,PopCat,POPCat,65,"SOL,Meme,Cat"
33788,Peanut the Squirrel,PNUT,66,"SOL,Meme,Politics"
1518,Maker,MKR,67,"ETH,Stablecoin,RWA,DeFi,Grayscale"
2416,Theta Network,THETA,68,"DePIN,Storage,Computing,AI"
2087,KuCoin,KCS,69,"CEX,Kucoin"
6536,MANTRA,OM,70,RWA
4269,Gate,GT,71,"CEX,Gate.io"
4030,Algorand,ALGO,72,SEC
21159,Ondo,ONDO,73,"RWA,BlackRock"
8526,Raydium,RAY,74,"SOL,DeFi,DEX,Meme"
5632,Arweave,AR,75,"Storage,AO,DePIN"
29743,Brett,BRETT,76,"Base,Meme"
3602,Bitcoin SV,BSV,77,"PoW,BTC"
28298,Beam,BEAM,78,GameFi
22615,Fasttoken,FTN,79,ETH
5665,Helium,HNT,80,"DePIN,Energy,IoT,Mobile"
7080,GALA,GALA,81,"GameFi,Metaverse,NFT"
8000,Lido DAO,LDO,82,"ETH,Staking,Grayscale"
32521,Neiro,NEIRO,83,"Dog,Meme,ETH"
16086,BitTorrent,BTT,84,"JustinSun,Storage"
22691,Starknet,STRK,85,"ETH,STRK,ZK"
8425,JasmyCoin,JASMY,86,"Japan,IoT,Data"
29270,Aerodrome Finance,AERO,87,"DEX,Perpetual,Base"
4558,Flow,FLOW,88,"GameFi,Metaverse,NFT"
3155,Quant,QNT,89,QNT
9481,Pendle,PENDLE,91,"IRS,DeFi,Staking,RWA"
23254,Core,CORE,92,BTC
33440,Goatseus Maximus,GOAT,93,"AI,Meme,SOL"
9104,AIOZ Network,AIOZ,94,"AI,DePIN"
1765,EOS,EOS,95,EOS
30126,Cat in a dogs world,MEW,96,"Meme,Cat,SOL"
28324,dYdX,DYDX,97,"Perpetual,Prediction,DeFi,COSMOS"
25028,ORDI,ORDI,98,"BRC20,BTC"
6892,MultiversX,EGLD,99,EGLD
6783,Axie Infinity,AXS,100,"GameFi,NFT"
7950,Flare,FLR,101,FLR
1376,NEO,NEO,102,"NEO,China"
18876,ApeCoin,APE,103,NFT
7431,Akash Network,AKT,104,"Computing,DePIN,AI"
10791,eCash,XEC,105,"BTC,PoW,Privacy,AVAX"
19891,USDD,USDD,106,
2694,NEXO,NEXO,107,"SEC,Business"
28850,Notcoin,NOT,108,"Meme,TON,GameFi"
8646,Mina Protocol,MINA,109,ZK
2011,Tezos,XTZ,110,XTZ
32880,Kaia,KAIA,111,"SocialFi,Line"
32956,Grass,GRASS,112,"Computing,DePIN,Data"
6210,The Sandbox,SAND,113,"Metaverse,GameFi,NFT"
27659,Mog Coin,MOG,114,"Cat,Meme,SOL"
7334,Conflux,CFX,115,"CFX,China,HK,PoW"
1659,Gnosis,GNO,116,"DeFi,Prediction,Payment"
5176,Tether Gold,XAUT,117,"RWA,Gold"
6952,Frax,FRAX,118,Stablecoin
33566,Act I : The AI Prophecy,ACT,119,"AI,Meme,SOL"
23054,Cheelee,CHEEL,120,"GameFi,BNB"
29587,Wormhole,W,121,Bridge
1966,Decentraland,MANA,122,"Metaverse,GameFi,NFT,Grayscale"
29870,BOOK OF MEME,BOME,124,"Meme,Pepe,SOL"
27565,Arkham,ARKM,125,"AI,SamAltman"
8290,SuperVerse,SUPER,126,"GameFi,Metaverse,NFT"
28081,SPX6900,SPX,127,"Meme,SOL"
1437,Zcash,ZEC,128,"PoW,Privacy,Grayscale"
4195,FTX,FTT,129,"CEX,FTX,SBF"
17799,Axelar,AXL,130,Bridge
4066,Chiliz,CHZ,131,"Sports,Fans,NFT"
1.73E+12,Fwog,FWOG,132,"Meme,SOL"
4948,Nervos Network,CKB,133,"BTC,PoW"
13855,Ethereum Name Service,ENS,134,"ETH,DID"
24911,Turbo,TURBO,135,"Meme,AI,SOL"
24091,ZKsync,ZK,136,ZK
24835,PepeCoin,PEPECOIN,137,"PEPE,ETH,Meme"
3987,Beldex,BDX,138,Privacy
4172,Terra Luna Classic,LUNC,139,"Terra,DoKwon"
21585,Safe,SAFE,140,"Payment,GNO"
14101,Ronin,RON,141,"GameFi,Metaverse,NFT"
7186,PancakeSwap,CAKE,142,"BNB,BN,DEX"
7653,Oasis,ROSE,143,Privacy
4705,PAX Gold,PAXG,144,"RWA,Gold"
28194,SATS,SATS,146,"BRC20,BTC"
26873,CorgiAI,CORGIAI,147,AI
2586,Synthetix Network,SNX,148,"Perpetual,DEX,RWA,Grayscale"
7326,DeXe,DEXE,150,DAO
1720,IOTA,IOTA,151,"DePIN,IoT,PoW"
23121,Blur,BLUR,152,NFT
30494,Eigenlayer,EIGEN,153,"Staking,ETH"
2634,XDC Network,XDC,154,"Business,RWA"
9816,APENFT,NFT,155,NFT
23711,Echelon Prime,PRIME,156,"GameFi,AI"
32778,Department Of Government Efficiency,DOGE,157,"Doge,Musk,Politics,Meme"
2083,Bitcoin Gold,BTG,159,BTC
7501,WOO,WOO,160,"DeFi,DEX"
30063,Gigachad,GIGA,161,"Meme,SOL"
12885,Astar,ASTR,162,"L1,Sonic,Japan,DOT"
4846,Kava,KAVA,163,COSMOS
5964,Trust Wallet,TWT,164,"BSC,Wallet"
5692,Compound,COMP,165,"DeFi,Lending,ONE"
18069,GMT,GMT,166,"Sports,GameFi,NFT"
29599,USDB,USDB,167,
3822,Theta Fuel,TFUEL,168,"DePIN,AI,THETA"
30933,DOG•GO•TO•THE•MOON,DOG,169,"Runes,BTC,Meme"
26997,LayerZero,ZRO,170,ZK
10407,Baby Doge Coin,BABYDOGE,171,"Dog,Meme,ETH"
28301,Memecoin,MEME,172,Meme
3640,Livepeer,LPT,173,"DePIN,AI,ONE,Grayscale"
29420,Virtuals Protocol,VIRTUAL,174,"AI,Meme,Base"
2777,IoTeX,IOTX,175,"DePIN,Modular"
21296,EthereumPoW,ETHW,176,"PoW,ETH"
28541,Jito,JTO,177,"SOL,Staking"
8104,1inch,1INCH,178,"Aggregator,ETH,DEX"
21259,ZetaChain,ZETA,179,ZETA
3964,Reserve Rights,RSR,180,"Stablecoin,RWA"
5567,Celo,CELO,181,"ETH,CELO,Payment"
6538,Curve DAO,CRV,182,"DEX,DeFi"
2682,Holo,HOT,183,"DePIN,Storage"
28932,Dymension,DYM,184,"COSMOS,Modular,Rollup"
27960,Non-Playable Coin,NPC,185,"Meme,ETH"
6945,Amp,AMP,186,"Payment,SEC"
1455,Golem,GLM,187,"AI,DePIN,Computing"
31278,Drift Protocol,DRIFT,188,"Prediction,SOL,Perpetual,"
29814,Ether.fi,ETHFI,189,"Staking,ETH"
8119,SafePal,SFP,190,Wallet
12220,Osmosis,OSMO,191,"COSMOS,DEX"
5049,Verus,VRSC,192,ZK
32698,Dogs,DOGS,193,"Dog,Meme,TON"
2469,Zilliqa,ZIL,194,"ZIL,PoW"
30008,Apu Apustaja,APU,195,"ETH,Meme,Pepe"
16612,Nosana,NOS,196,"Solana,Computing,DePIN"
32193,ALEO,ALEO,197,"Computing,DePIN"
7548,WEMIX,WEMIX,198,GameFi
5488,JUST,JST,199,"Lending,TRX,JustinSun"
30096,Degen,DEGEN,200,"Base,Meme"
131,Dash,DASH,201,"Privacy,PoW"
29676,Aevo,AEVO,202,"Perpetual,DEX"
14806,ConstitutionDAO,PEOPLE,203,"Meme,DAO,ETH,Politics"
1896,0x Protocol,ZRX,204,"ZK,ZRX"
3783,Ankr Network,ANKR,205,"Computing,PoW,Staking"
13631,Manta Network,MANTA,206,"ZK,DOT"
2467,OriginTrail,TRAC,208,"AI,RWA"
5034,Kusama,KSM,209,DOT
21870,Metaplex,MPLX,210,"GameFi,NFT"
1042,Siacoin,SC,211,"Storage,DePIN,PoW"
33093,Moo Deng (SOL),MOODENG,212,"Meme,SOL"
8536,Mask Network,MASK,213,SocialFi
9640,Metis,METIS,214,"Rollup,ZK"
2577,Ravencoin,RVN,215,PoW
20362,Polymesh,POLYX,216,RWA
2130,Enjin Coin,ENJ,217,"GameFi,NFT"
8534,CHEX Token,CHEX,218,RWA
1697,Basic Attention,BAT,219,"DeFi,Lending,Grayscale"
1785,Gas,GAS,220,NEO
33320,PUPS•WORLD•PEACE,PUPS,221,Meme
2299,aelf,ELF,222,AI
29835,io.net,IO,223,"Computing,DePIN,AI"
4041,MX,MX,224,CEX
1684,Qtum,QTUM,225,QTUM
32195,Hamster Kombat,HMSTR,226,"TON,Meme,GameFi"
2941,CoinEx,CET,227,CEX
11857,GMX,GMX,228,"DEX,Perpetual"
29150,PONKE,PONKE,229,"SOL,Meme,Pepe"
20314,Terra,LUNA,230,"Terra,DoKwon"
29073,AltLayer,ALT,231,"Staking,Modular,Rollup"
27533,Osaka Protocol,OSAK,233,DeFi
30083,Aethir,ATH,234,"DePIN,Computing"
17751,Threshold Network,T,235,T
8719,Illuvium,ILV,236,"GameFi,Metaverse"
24007,Delysium,AGI,237,"AI,GameFi"
9417,Maple,MPL,238,"RWA,Lending"
25114,Cetus Protocol,CETUS,239,"Move,APT,SUI,DEX"
1.73E+12,Galxe,GAL,240,"SocialFi,NFT,DID"
33108,X Empire,X,241,GameFi
30943,michi,MICHI,242,"SOL,Meme,Cat"
9543,Biconomy,BICO,243,Abstraction
15271,Rollbit Coin,RLB,244,"Sports,GambleFi"
20734,Moonwell,WELL,245,"Lending,Base,DeFi"
32724,Simon's Cat,Cat,246,"Meme,Cat,BSC"
2943,Rocket Pool,RPL,247,"ETH,Staking"
22850,Hivemapper,HONEY,248,"DePIN,Traffic"
1168,Decred,DCR,249,"Privacy,PoW"
29169,Qubic,QUBIC,250,"AI,PoW"
14519,VVS Finance,VVS,251,"DeFi,DEX"
3029,Flux,FLUX,252,"AI,DePIN,PoW"
32120,Gravity,G,253,DID
33258,sudeng,HIPPO,254,"SUI,Meme"
5864,yearn.finance,YFI,255,Aggregator
10529,Sun Token,SUN,257,"JustinSun,DEX"
30285,MUMU THE BULL,MUMU,258,"SOL,Meme,Bull"
4279,Solar,SXP,259,"Business,ONE"
5617,UMA,UMA,260,DeFi
32376,Avail,AVAIL,261,"Modular,DA"
25220,HarryPotterObamaSonic10Inu,BITCOIN,262,Meme
23635,BinaryX,BNX,263,"GameFi,NFT"
5691,SKALE,SKL,264,Modular
28066,Banana Gun,BANANA,265,"TON,Meme,Bot"
30372,Saga,SAGA,267,"SAGA,Modular"
28480,Blast,BLAST,268,"BTC,Staking"
9258,Chia,XCH,269,XCH
32754,RabBitcoin,RBTC,270,BTC
10688,Yield Guild Games,YGG,271,GameFi
5198,Creditcoin,CTC,272,DeFi
2499,SwissBorg,BORG,273,DAO
33597,Fartcoin,FARTCOIN,274,"Solana,AI,Meme"
2394,Telcoin,TEL,275,DeFi
30986,Kamino,KMNO,276,"SOL,Lending"
28230,Big Time,BIGTIME,277,GameFi
29879,ANDY ETH,ANDY,278,"Pepe,ETH"
4944,Tellor Tributes,TRB,279,"Zhuang,Business,Oracle,PoW"
7737,API3,API3,280,Oracle
3992,COTI,COTI,281,"ADA,SEC,Payment"
2566,Ontology,ONT,282,"ONT,PoW"
33694,Luce,LUCE,283,"Meme,SOL"
33391,DeepBook,DEEP,284,"SUI,MOVE,DEX"
21846,SPACE ID,ID,285,DID
5647,Kadena,KDA,286,PoW
6953,Frax Share,FXS,287,"Stablecoin,Staking"
4679,Band Protocol,BAND,288,"Oracle,Business"
1934,Loopring,LRC,289,"DeFi,ZK,DEX"
11165,Orca,ORCA,290,"SOL,DEX,DeFi"
32717,Sundog,SUNDOG,291,"Meme,Dog,JustinSun"
9260,Zignaly,ZIG,292,"AI,BNB,COSMOS"
31921,RETARDIO,RETARDIO,293,"NFT,SOL,Meme,Murad"
11568,Adventure Gold,AGLD,294,"NFT,GameFi"
11948,Radix,XRD,295,XRD
12573,Clearpool,CPOOL,296,"RWA,Lending,Base"
3945,Harmony,ONE,297,ONE
32856,Mr. Mint,MNT,298,MNT
7455,Audius,AUDIO,299,"SOL,Music,NFT"
10180,Gomining Token,GOMINING,300,"BTC,PoW"
6836,Moonbeam,GLMR,301,DOT
9903,Convex Finance,CVX,302,"ETH,Staking"
28933,Xai,XAI,303,GameFi
30712,Merlin Chain,MERL,304,"BTC,Staking"
873,NEM,XEM,305,XEM
19091,H2O Dao,H2O,306,DAO
6748,Centrifuge,CFG,307,"DeFi,RWA"
32925,Spectral,SPEC,308,AI
3911,Ocean Protocol,OCEAN,309,AI
1214,Lisk,LSK,310,LSK
30584,BasedAI,BASEDAI,311,"ZK,AI"
3978,Chromia,CHR,312,"Modular,NFT,RWA"
2099,ICON,ICX,313,CrossChain
3012,VeThor,VTHO,314,VET
6758,Sushi,SUSHI,316,"DEX,ETH"
22620,Across Protocol,ACX,317,CrossChain
4056,Ampleforth,AMPL,318,Payment
22059,Venom,VENOM,319,VENOM
29335,Pixels,PIXEL,320,"GameFi,RON"
23355,0x0.ai: AI Smart Contract,0X0,321,"AI,ZK,Privacy"
2545,Arcblock,ABT,322,
22125,Mythos,MYTH,323,GameFi
1698,Horizen,ZEN,324,"ZK,PoW,Grayscale"
13967,Goldfinch,GFI,325,"Stablecoin,Lending"
12999,SSV Network,SSV,326,"ETH,Staking,DAO"
11396,JOE,JOE,327,DEX
2989,STASIS EURO,EURS,328,
24613,Open Campus,EDU,329,"Education,CZ"
2930,IQ,IQ,330,AI
8037,Vanar Chain,VANRY,331,"AI,GameFi,NFT,Metaverse"
2300,WAX,WAXP,332,"CrossChain,DePIN,GameFi,NFT"
30746,BounceBit,BB,333,"BTC,Staking"
28458,Autonolas,OLAS,334,AI
5728,Balancer,BAL,335,"DeFi,DEX"
1274,Waves,WAVES,336,
3217,Ontology Gas,ONG,337,Privacy
33372,CARV,CARV,338,"Modular,DA,GameFi,AI"
30963,Zentry,ZENT,339,GameFi
2132,Powerledger,POWR,340,"Energy,DePIN"
13769,World Mobile Token,WMTX,341,Payment
8267,OKT Chain,OKT,342,"CEX,OKX"
1637,iExec RLC,RLC,343,"DePIN,Computing,AI"
7129,TerraClassicUSD,USTC,344,"SBF,Terra,Dokwon"
7288,Venus,XVS,345,"Stablecoin,Lending,BSC"
1759,Status,SNT,346,Wallet
15584,Humans.ai,HEART,347,AI
26998,Scroll,SCR,348,BTC
12147,Synapse,SYN,349,CrossChain
31526,Moca Coin,MOCA,350,"CrossChain,Sports,NFT,Music"
8083,Tokenlon,LON,351,Payment
3835,Orbs,ORBS,352,DeFi
31525,Taiko,TAIKO,353,ZK
2982,MVL,MVL,354,"DePIN,TADA,Energy,Traffic"
5370,Hive,HIVE,355,DePIN
9436,Dogelon Mars,ELON,356,"Musk,Doge,Meme"
109,DigiByte,DGB,357,PoW
1567,Nano,XNO,358,"PoW,Payment"
26680,Neutron,NTRN,359,COSMOS
11865,Bone ShibaSwap,BONE,360,"Shiba,DEX"
29920,Slerf,SLERF,361,"SOL,Meme"
5444,Cartesi,CTSI,362,Modular
2405,IOST,IOST,363,IOST
25264,Snek,SNEK,364,"ADA,Meme"
3801,BORA,BORA,365,GameFi
31668,BILLION•DOLLAR•CAT,BDC,366,"Runes,BTC,Meme"
4660,Telos,TLOS,367,ZK
1586,ARK,ARK,368,Modular
1732,Numeraire,NMR,369,AI
10903,Coin98,C98,370,DeFi
7429,Liquity,LQTY,371,"Stablecoin,Lending,ETH"
9040,Pundi X,PUNDIX,373,Payment
7978,Solana Name Service,FIDA,374,"SOL,DID"
7533,Oraichain,ORAI,375,AI
19269,CoW Protocol,COW,376,"DeFi,DEX,Intents,GNO"
14878,Alephium,ALPH,377,Wallet
26220,Islamic Coin,ISLM,378,Muslim
25023,Milady Meme Coin,LADYS,379,"Meme,ETH"
28382,Myro,MYRO,380,"SOL,Meme,Dog"
32299,Cloud,CLOUD,381,"SOL,Staking"
4691,Zano,ZANO,382,Privacy
6958,Alchemy Pay,ACH,383,Payment
32826,Satoshi Airline,JET,384,"GameFi,Traffic"
7725,TrueFi,TRU,385,"DeFi,Lending,ETH,RWA"
2933,BitMart,BMX,386,"CEX,BitMart"
1816,Civic,CVC,387,"DID,Privacy"
25714,Crown by Third Time Games,CROWN,388,GameFi
28452,Rats,RATS,389,"BRC20,BTC"
3884,Function X,FX,390,DeFi
11289,Spell,SPELL,391,"DeFi,Stablecoin,Lending,ETH"
28076,Ozone Chain,OZO,392,ZK
27178,PAAL AI,PAAL,395,AI
9674,Wilder World,WILD,396,DID
14783,Magic,MAGIC,397,"GameFi,NFT,Metaverse"
28675,Coq Inu,COQ,398,"Meme,AVAX"
8972,Seedify.fund,SFUND,400,"GameFi,Metaverse,NFT"
27750,Toshi,TOSHI,401,"Base,Meme,Cat"
8766,My Neighbor Alice,ALICE,402,"GameFi,Metaverse,NFT"
3701,RSK Infrastructure Framework,RIF,403,"DeFi,PoW,Storage"
32257,UXLINK,UXLINK,404,SocialFi
5899,Casper Network,CSPR,405,CSPR
7127,Velo,VELO,406,"Payment,XLM"
9285,Moonriver,MOVR,407,MOVR
29447,NetMind Token,NMT,408,"AI,Computing"
30902,Landwolf (ETH),WOLF,409,"Meme,Pepe,ETH"
23756,ChainGPT,CGPT,410,AI
24203,SmarDex,SDEX,411,"DeFi,DEX,Stablecoin"
11232,Highstreet,HIGH,412,"GameFi,NFT,Metaverse"
4120,Prom,PROM,413,"Modular,ZK,NFT"
28299,TokenFi,TOKEN,414,RWA
24781,CYBER,CYBER,415,"SocialFi,NFT,DID"
32498,Sigma,SIGMA,416,"SOL,Meme"
32892,Bellscoin,BELLS,417,PoW
5908,dKargo,DKA,418,"DePIN,Traffic"
11976,Aleph Zero,AZERO,419,"L1,ZK,Privacy"
32037,ANyONe Protocol,ANYONE,420,"DePIN,Privacy"
1886,Dent,DENT,421,"DePIN,Mobile"
4807,Shentu,CTK,422,Alibaba
30347,BUBCat,BUB,423,"Meme,Base"
11374,Mines of Dalarnia,DAR,425,"GameFi,NFT,Metaverse"
8602,Bounce,AUCTION,428,"DeFi,Auction"
1230,Steem,STEEM,429,SociaFi
6138,DIA,DIA,430,Oracle
11620,IX Swap,IXS,431,"RWA,DeFi,DEX"
13969,Phoenix,PHB,432,AI
19055,Solidus Ai Tech,AITECH,433,AI
1762,Ergo,ERG,434,DeFi
-5001,Incentive,INC,435,DeFi
1.73E+12,Puff The Dragon,PUFF,436,"ETH,Meme,Dragon"
7497,Marlin,POND,438,"DePIN,Computing,AI"
30315,Omni Network,OMNI,439,CrossChain
29513,NodeAI,GPU,440,"AI,Computing"
4092,Dusk,DUSK,441,"ZK,Privacy,RWA"
4006,STP,STPT,442,"GameFi,AI"
28674,Fusionist,ACE,443,"SocialFi,GameFi"
11294,SuperRare,RARE,444,"ETH,NFT"
2303,Medibloc,MED,445,Health
29175,Wen,WEN,446,"SOL,Meme,Cat"
7224,DODO,DODO,447,DeFi
24600,Helium Mobile,MOBILE,448,"DePIN,Mobile"
32461,Neiro on ETH,NEIRO,449,"Meme,Dog,ETH"
6841,PHALA,PHA,450,"AI,DOT"
9444,Kyber Network Crystal,KNC,451,"DeFi,DEX,Aggregator"
5275,Paycoin,PCI,452,"Payment,Korea"
33439,Lumia,LUMIA,453,RWA
541,Syscoin,SYS,454,PoW
11346,Radio Caca,RACA,455,NFT
33614,Memes AI,MEMESAI,456,"SOL,AI,Meme"
25269,BOBO Coin,BOBO,457,"ETH,Meme,Bear"
17591,Nym,NYM,458,Privacy
4950,LCX,LCX,459,CEX
8677,Symbol,XYM,460,ZK
30915,Verum Coin,VERUM,461,"Payment,Wallet"
23951,Staika,STIK,462,GameFi
19843,ApeX,APEX,463,"DEX,Perpetual"
30528,NEURALAI,NEURAL,464,"AI,Computing,TAO,3D"
2765,XYO Network,XYO,465,DePIN
32966,Catizen,CatI,466,"TON,GameFi,SocialFi"
22764,Hooked Protocol,HOOK,467,Education
23037,Hifi Finance,HIFI,468,"DeFi,Lending,ETH,RWA"
20435,Velodrome Finance,VELO,470,DEX
30859,Hoppy,HOPPY,471,"Meme,ETH,Pepe"
2071,Request,REQ,472,Payment
11823,Pocket Network,POKT,473,Data
4206,WINkLink,WIN,474,"TRX,Oracle"
8420,DAO Maker,DAO,475,DAO
17917,RSS3,RSS3,476,"Data,SocialFi"
3814,Celer Network,CELR,477,Bridge
24502,Wojak,WOJAK,478,"Meme,ETH"
16876,Artificial Liquid Intelligence,ALI,479,"AI,Meme"
30825,Karrat,KARRAT,480,"GameFi,AI"
2588,Loom Network,LOOM,481,CrossChain
19075,ECOMI,OMI,482,NFT
30683,WUFFI,WUF,483,Meme
14803,Aurora,AURORA,484,NEAR
22074,ALEX Lab,ALEX,485,"BTC,STX,DeFi"
29779,Polyhedra Network,ZKJ,486,"ZK,AI"
12749,Nakamoto Games,NAKA,487,GameFi
18037,Maverick Protocol,MAV,488,DeFi
7064,BakerySwap,BAKE,489,"DEX,BNB,DeFi,NFT"
1974,Propy,PRO,490,"RWA,RealEstate"
693,Verge,XVG,491,"Privacy,PoW"
33543,Luna by Virtuals,LUNA,492,"Meme,AI,Base,VIRTUAL,Youtube,Tiktok"
14556,Boba Network,BOBA,493,Rollup
28778,NFPrompt,NFP,494,"AI,UGC,NFT"
9288,BENQI,QI,495,"AVAX,Staking"
27872,MAGA,TRUMP,496,"Trump,Politics"
14280,Euler,EUL,497,"Modular,Lending,ETH"
32615,Smoking Chicken Fish,SCF,498,"SOL,Meme"
1727,Bancor Network,BNT,499,DeFi
22265,Oasys,OAS,500,"L1,GameFi"
24477,ArbDoge AI,AIDOGE,501,"AI,Meme,Dog,Arb"
6756,Acala,ACA,502,"DeFi,DOT"
28688,AI Analysis Token,AIAT,503,"AI,Trade"
30912,MANEKI,MANEKI,505,"SOL,Meme,Cat"
21533,Lista DAO,LISTA,507,"BNB,Staking"
1788,Metal DAO,MTL,508,OP
21964,Tectum,TET,509,Payment
1772,Storj,STORJ,511,"Storage,DePIN"
21106,Radiant Capital,RDNT,512,Lending
18934,Stargate Finance,STG,513,DeFi
5380,Hunt,HUNT,514,UGC
30661,Parcl,PRCL,515,"SOL,RWA,RealEstate,NFT"
22461,Hashflow,HFT,516,DEX
9308,Vulcan Forged,PYR,517,"GameFi,NFT,Metaverse"
7817,Bifrost,BFC,518,"L1,Bridge"
5117,Origin Token,OGN,519,"DeFi,Staking"
7232,Stella,ALPHA,520,Lending
30391,Zeus Network,ZEUS,521,"SOL,CrossChain"
30369,HashAI,HASHAI,522,"AI,PoW"
30636,Zebec Network,ZBCN,523,"Payment,RWA"
6843,Radworks,RAD,524,DePIN
9175,Mobox,MBOX,525,"GameFi,Metaverse,NFT"
20605,TARS AI,TAI,526,"AI,Modular,SOL"
20873,LeverFi,LEVER,527,"DeFi,Lending"
11078,Iagon,IAG,528,"AI,Storage,Computing,DePIN"
2297,StormX,STMX,529,Payment
7878,MobileCoin,MOB,530,Payment
2840,QuarkChain,QKC,531,"QKC,PoW"
13663,Gains Network,GNS,532,"DeFi,Lending,Trade"
30843,Renzo,REZ,533,"Staking,ETH"
31750,Gems VIP,GEMS,534,Launchpad
7859,Badger,BADGER,535,"BTC,Lending"
21351,Sweat Economy,SWEAT,536,"Sports,GameFi"
5604,Secret,SCRT,537,Privacy
9263,Unizen,ZCX,538,"DEX,Aggregator,POL"
30449,Tensor,TNSR,539,"SOL,NFT"
1.73E+12,RSIC•GENESIS•RUNE,RSIC,540,"Runes,BTC,Meme"
18895,Marblex,MBX,541,"GameFi,Metaverse,NFT"
29296,NAVI Protocol,NAVX,542,"SUI,DeFi,Lending"
31510,Mother Iggy,MOTHER,543,"SOL,Meme"
6951,Reef,REEF,545,ONE
25354,A3S,AA,546,Abstraction
22359,XPLA,XPLA,547,"COSMOS,GameFi,Metaverse,NFT"
28846,Sleepless AI,AI,548,"AI,GameFi"
21781,Stride,STRD,549,"COSMOS,Staking"
29709,Entangle,NGL,550,"Oracle,CrossChain"
32526,Covalent X Token,CXT,551,"Modular,AI"
23195,Access Protocol,ACS,552,"NFT,UGC"
2780,NKN,NKN,554,"DePIN,PoW"
29557,AxonDAO Governance Token,AXGT,555,DeSci
24645,OmniFlix Network,FLIX,556,COSMOS
10631,Gods Unchained,GODS,557,"GameFi,Metaverse,NFT"
3600,Hippocrat,HPO,558,"Health,DeSci"
31830,Daddy Tate,DADDY,559,"SOL,Meme"
12041,Dimitra,DMTR,560,DePIN
32832,Tron Bull,BULL,561,"TRX,Meme"
5268,Energy Web,EWT,562,"Energy,DOT,GNO"
2638,Cortex,CTXC,563,"AI,PoW"
5161,WazirX,WRX,564,"CEX,India"
28567,PaLM AI,PALM,565,AI
31246,GameBuild,GAME,566,GameFi
32968,AI Companions,AIC,567,AI
8107,Cobak,CBK,568,POL
32415,Skibidi Toilet,SKBDI,569,"SOL,Meme"
8615,Ethernity Chain,ERN,570,"NFT,Metaverse,OP"
29273,Matr1x Fire,FIRE,571,POL
9119,Alien Worlds,TLM,572,"GameFi,NFT,Metaverse"
27622,LUKSO,LYX,573,DID
13803,Marinade,MNDE,575,"SOL,Staking"
29555,Portal,PORTAL,576,GameFi
31632,PeiPei,PEIPEI,577,"Pepe,Meme,ETH"
1.73E+12,Swell Network,SWELL,579,"ETH,Staking"
8422,Pangolin,PNG,580,"DEX,AVAX"
3714,LTO Network,LTO,581,"NFT,RWA"
31914,Billy,BILLY,582,"SOL,Meme"
13268,Chainflip,FLIP,583,DeFi
14822,Victoria VR,VR,584,Metaverse
3637,Aergo,AERGO,585,
7046,Aavegotchi,GHST,587,"GameFi,Metaverse,NFT"
4039,ARPA,ARPA,588,
15185,Kujira,KUJI,589,DeFi
2505,Bluzelle,BLZ,590,"Storage,GameFi"
5007,TROY,TROY,591,Business
33081,XBorg,XBG,592,"GameFi,SOL"
6950,Perpetual Protocol,PERP,593,"DEX,BNB,DeFi"
10188,Automata,ATA,594,"AI,SEC,DOT"
27650,Ice Open Network,ICE,595,"Business,DeFi,Oracle,BNB"
5616,MATH,MATH,596,
33441,Dolan Duck,DOLAN,597,"SOL,Meme"
20622,Forta,FORT,598,AI
11212,Star Atlas,ATLAS,599,"GameFi,Metaverse"
31227,Mini,MINI,600,"SOL,Meme,Cat"
1.73E+12,Major Frog,MAJOR,601,
4166,Realio Network Token,RIO,602,
9720,PlatON Network,LAT,603,
5882,Stafi,FIS,604,Staking
31528,deBridge,DBR,605,
28394,Grok,GROK,606,
6069,Assemble Protocol,ASM,607,
18679,Onyxcoin,XCN,608,
16360,Gearbox,GEAR,609,
1037,Agoras: Currency of Tau,AGRS,610,
33076,Moo Deng (ETH),MOODENG,611,
15463,Sidus,SIDUS,612,
20969,Geodnet,GEOD,613,
23015,Neon,NEON,614,
27686,Hatom,HTM,615,
5866,DexTools,DEXT,616,
31601,SelfieDogCoin,SELFIE,617,
11202,Tokemak,TOKE,618,
9386,Kishu Inu,KISHU,619,
30402,crow with knife,CAW,620,
32544,Router Protocol,ROUTE,621,
10442,Decentralized Social,DESO,622,
8133,Skey Network,SKEY,623,
24261,OctaSpace,OCTA,624,
32289,Mister Miggles,MIGGLES,625,
17960,ORIGYN Foundation,OGY,626,
6554,GamerCoin,GHX,627,
29220,PepeFork,PORK,628,
27966,Dora Factory,DORA,629,
28829,Heroes of Mavia,MAVIA,630,
31108,Slash Vision Labs,SVL,631,
31503,Bitget Wallet Token,BWB,632,
16868,Shadow Token,SHDW,633,
8613,Alchemix,ALCX,634,
9089,Tenset,10SET,635,
31152,Kendu Inu,KENDU,636,
32644,Eurite,EURI,637,
7505,Everscale,EVER,638,
12387,Ribbon Finance,RBN,639,
2492,Elastos,ELA,640,
3951,Pirate Chain,ARRR,641,
5583,Hacken,HAI,642,
22289,Myria,MYRIA,643,
5026,Orchid Protocol,OXT,644,
5858,QANplatform,QANX,645,
17081,LooksRare,LOOKS,646,
28135,Connex,CONX,647,
8911,Strike,STRK,648,
29241,GME,GME,649,
7229,Gelato,GEL,650,
12623,Stader,SD,651,
10052,Gitcoin,GTC,652,
32611,nomnom,NOMNOM,653,
12942,THORSwap,THOR,654,
1.73E+12,Pontem Liquidswap,LSD,655,
28385,Propbase,PROPS,656,
4956,MAP Protocol,MAPO,657,
23046,MCOIN,MCOIN,658,
11171,Mango,MNGO,659,
1312,Steem Dollars,SBD,660,
32074,FEED EVERY GORILLA,FEG,661,
30193,Basenji,BENJI,662,
7087,Dego Finance,DEGO,663,
5824,Smooth Love Potion,SLP,664,"NFT,GameFi,Metaverse"
2606,Wanchain,WAN,665,
11213,Star Atlas DAO,POLIS,666,
3930,ThunderCore,TT,667,
32940,Phil,PHIL,668,
24476,LimeWire,LMWR,669,
6833,Litentry,LIT,670,DOT
33595,Shoggoth,SHOGGOTH,671,
22837,DIMO,DIMO,672,
13051,Arc,ARC,673,
5631,Orion,ORN,674,
7281,Persistence One,XPRT,675,
7150,Flamingo Finance,FLM,676,
31504,Ultiverse,ULTI,677,
18031,Concordium,CCD,678,
30116,Resistance Dog,REDO,679,
2137,Electroneum,ETN,680,
23846,LayerAI,LAI,681,
26497,Clore.ai,CLORE,682,
3855,Locus Chain,LOCUS,683,
21453,Doge Eat Doge,OMNOM,684,
1808,OMG Network,OMG,685,
29530,OX Coin,OX,686,
30867,WHY,WHY,687,
4953,Firmachain,FCT,688,
11307,Beta Finance,BETA,689,
10409,Opulous,OPUL,690,
9760,Stratos,STOS,691,
5279,Sologenic,SOLO,692,
22574,ECOx,ECOX,693,
32524,Ginnan The Cat,GINNAN,694,
2539,Ren,REN,695,
32506,Matr1x,MAX,696,
30591,Foxy,FOXY,697,
16697,Agoric,BLD,698,
1.73E+12,GOGGLES,GOGLZ,699,
8827,Boson Protocol,BOSON,700,
6193,Cream,CREAM,701,
30177,LinqAI,LNQ,702,
7236,Celo Dollar,CUSD,703,
20497,WAGMI Games,WAGMIGAMES,704,
4036,Contentos,COS,705,
13521,Numbers Protocol,NUM,706,
11783,GameFi.org,GAFI,707,
9721,Samoyedcoin,SAMO,708,
9421,Ampleforth Governance,FORTH,709,
30543,Alien Base,ALB,710,
24442,MetaMAFIA,MAF,711,
10641,Rich Quack,QUACK,712,
28479,The Root Network,ROOT,713,
2570,Viction,VIC,714,
24220,Propchain,PROPC,715,
2092,NULS,NULS,716,
1757,FUNToken,FUN,717,
20561,MESSIER,M87,718,
21822,Brickken,BKN,719,
9029,GraphLinq Chain,GLQ,720,
32448,Brainlet,BRAINLET,721,
20490,ROGin AI,ROG,722,
2630,PolySwarm,NCT,723,
4747,Velas,VLX,724,
9286,Doge Killer,LEASH,725,
1521,Komodo,KMD,726,PoW
15678,Voxies,VOXEL,727,
30089,KOALA AI,KOKO,728,
12787,Minswap,MIN,729,
3928,IDEX,IDEX,730,
32470,Layer3,L3,731,
24747,Jesus Coin,JESUS,732,
4758,dForce,DF,733,
10293,Swarm,BZZ,734,
11036,Alkimi,ADS,735,
8200,ShapeShift FOX,FOX,736,
31704,Pirate Nation Token,PIRATE,737,
32325,Puffer,PUFFER,738,
3816,Verasity,VRA,739,
1993,Kin,KIN,740,
6928,Bella Protocol,BEL,741,
33356,MSTR2100,MSTR,742,
9637,Altura,ALU,743,
11079,Bitgert,BRISE,744,
32854,Self Chain,SLF,745,
21356,Fracton Protocol,FT,746,
25261,Jackal Protocol,JKL,747,
24698,HyperCycle,HYPC,748,
31016,Mode,MODE,749,
5821,Aleph.im,ALEPH,750,
29679,Scallop,SCA,751,
24225,MetFi,METFI,752,
10974,Tranchess,CHESS,753,
24686,Helium IOT,IOT,754,
31259,Foxsy AI,FOXSY,755,
15752,Blockasset,BLOCK,756,
2916,Nimiq,NIM,757,
32809,Orderly Network,ORDER,758,
8479,Vaiot,VAI,759,
4275,COMBO,COMBO,760,Metaverse
7102,Linear,LINA,761,
12089,Coinweb,CWEB,762,
10746,Biswap,BSW,763,
22,Luckycoin,LKY,764,
29547,Masa,MASA,765,
30493,SillynubCat,NUB,766,
29960,Shuffle,SHFL,767,
28652,Seamless Protocol,SEAM,768,
8384,Clover Finance,CLV,769,
30750,SolCex,SOLCEX,770,
29509,Commune AI,COMAI,771,
4189,Ultra,UOS,772,
8669,Sovryn,SOV,773,
1856,district0x,DNT,774,
10894,StorX,SRX,775,
2341,SWFTCOIN,SWFTC,776,
5552,Hathor,HTR,777,
31305,MAGA Hat,MAGA,778,
5382,ELYSIA,EL,779,
19966,Quickswap,QUICK,780,
14534,ParaSwap,PSP,781,
3661,Stronghold,SHX,782,
7460,Alpha Quark,AQT,783,
21914,SaucerSwap,SAUCE,784,
6859,Harvest Finance,FARM,785,
22858,Dynex,DNX,786,
6520,HOPR,HOPR,787,
29780,ChainSwap,CSWAP,788,
22710,VIDT DAO,VIDT,789,
2143,Streamr,DATA,790,
29323,The Balkan Dwarf,KEKEC,791,
10789,Euro Tether,EURT,792,
5429,DEAPCOIN,DEP,793,
8997,mETH Protocol,COOK,794,
7208,Polkastarter,POLS,795,
28882,AIT Protocol,AIT,796,
-5010,Nacho the Kat,NACHO,797,
22892,Atlas Navi,NAVI,798,
31284,SAD HAMSTER,HAMMY,799,
7412,UniLend Finance,UFT,800,
2776,AVA,AVA,801,
10630,Guild of Guardians,GOG,802,
29104,DecideAI,DCD,803,
2856,CEEK Smart VR,CEEK,804,
32941,Fractal Bitcoin,FB,805,
30959,tooker kurlson,TOOKER,806,
23825,Nexera,NXRA,807,
24594,BOB Token,BOB,808,
15563,Cornucopias,COPI,809,
8489,XSGD,XSGD,810,
1.73E+12,Tectonic,TONIC,811,
28363,Shrapnel,SHRAP,812,
2348,Measurable Data,MDT,813,AI
12873,KlimaDAO,KLIMA,814,
30309,Shark Cat,SC,815,
-5008,Solid X,SOLIDX,816,
29079,Welshcorgicoin,WELSH,817,
16399,Coreum,COREUM,818,
1768,AdEx,ADX,819,
16711,GT Protocol,GTAI,820,
12256,CHEQD Network,CHEQ,821,
28412,Multibit,MUBI,822,
32108,Synternet,SYNT,823,
6180,SUKU,SUKU,824,
9797,Avalaunch,XAVA,825,
7158,BurgerCities,BURGER,826,Metaverse
32576,JHH,JHH,827,
7048,Wing Finance,WING,828,
7461,PlayDapp,PDA,829,
8707,Alpaca Finance,ALPACA,830,
3874,IRISnet,IRIS,831,
28348,Miracle Play,MPT,832,
2320,xMoney,UTK,833,Payment
15996,pSTAKE Finance,PSTAKE,834,
20456,WeBuy,WE,835,
29770,Spacemesh,SMH,836,
9443,Step Finance,STEP,837,
7311,Beefy,BIFI,838,
-5006,Fideum,FI,839,
19650,Volt Inu,VOLT,840,
8255,Prosper,PROS,841,
5410,PARSIQ,PRQ,842,
28446,Spectre AI,SPECTRE,843,
25419,HyperGPT,HGPT,844,
17806,ThetaDrop,TDROP,845,
9020,Tokocrypto,TKO,846,
5865,FIO Protocol,FIO,847,
30760,Nuklai,NAI,848,
17072,Partisia Blockchain,MPC,849,
7336,Index Cooperative,INDEX,850,
18126,Probinex,PBX,851,
15248,Santos FC Fan Token,SANTOS,852,
5947,TokenPocket Token,TPT,853,
22933,Electronic USD,EUSD,854,
20964,Law Blocks,LBT,855,
1552,Enzyme,MLN,856,
17145,League of Kingdoms,LOKA,857,
10372,Dacxi,DACXI,858,
30049,smolecoin,SMOLE,859,
14336,TRVL,TRVL,860,
22355,Vertex,VRTX,861,
5309,OG Fan Token,OG,862,
29461,DevvE,DEVVE,863,
29505,Troll,TROLL,864,
32412,NPC On Solana,NPCS,865,
5350,XPR Network,XPR,866,
28851,Gui Inu,GUI,867,
1948,Aventus,AVT,868,
7576,Kava Lend,HARD,869,
16352,Green Satoshi Token,GST,870,
19131,Artrade,ATR,871,
24303,Metacade,MCADE,872,
2081,AirDAO,AMB,873,
29331,OORT,OORT,874,
26532,Pikaboss,PIKA,875,
6724,Klever,KLV,876,
25208,TRAC,TRAC,877,
2398,SelfKey,KEY,878,
28132,BobaCat,PSPS,879,
10729,UFO Gaming,UFO,880,
8936,TriasLab,TRIAS,881,
28249,ZTX,ZTX,882,
22607,FONSmartChain,FON,883,
30950,MON Protocol,MON,884,
32386,hehe,HEHE,885,
13039,zkLink,ZKL,886,
16334,APX,APX,887,
29015,Solama,SOLAMA,888,
9638,SingularityDAO,SDAO,889,
29445,zKML,ZKML,890,
25224,Karate Combat,KARATE,891,
29291,Pandora,PANDORA,892,
29358,Smog,SMOG,893,
15142,Katana Inu,KATA,894,
6929,Hegic,HEGIC,895,
9194,Saito,SAITO,896,
5877,RARI,RARI,897,
33399,KLAUS,KLAUS,898,
18079,Iron Fish,IRON,899,
13198,NuNet,NTX,900,
22949,Camelot Token,GRAIL,901,
18662,Galeon,GALEON,902,
26863,PLAYA3ULL GAMES,3ULL,903,
11973,Thales,THALES,904,
6830,KILT Protocol,KILT,905,
1169,PIVX,PIVX,906,
10465,Polytrade,TRADE,907,
11821,Swarm Markets,SMT,908,
21134,SquidGrow,SQGROW,909,
17231,Synesis One,SNS,910,
19842,Lifinity,LFNTY,911,
23397,Games for a Living,GFAL,912,
2949,KRYLL,KRL,913,
4702,Rupiah Token,IDRT,914,
18966,Neopin,NPT,915,
4890,Numerico,NWC,916,
7692,e-Radix,EXRD,917,
29494,DUKO,DUKO,918,
4134,Kaon,AKRO,919,DOT
25963,BXN,BXN,920,
9220,StrikeX,STRX,921,
8715,Taraxa,TARA,922,
5225,FC Barcelona Fan Token,BAR,923,
29787,Peng,PENG,924,
6739,LumiWave,LWA,925,
1414,Firo,FIRO,926,
8720,Inverse Finance,INV,927,
33433,Uni,UNI,928,
20009,DexCheck AI,DCK,929,
21414,Dogechain,DC,930,
12064,Cratos,CRTS,931,
19779,Dmail Network,DMAIL,932,
1392,Pluton,PLU,933,
10778,Metahero,HERO,934,
18734,Ancient8,A8,935,
9656,CateCoin,CatE,936,
28147,AMATERASU OMIKAMI,OMIKAMI,937,
8075,Rally,RLY,938,
9103,GAMEE,GMEE,939,
2058,AirSwap,AST,940,
28664,Byte,BYTE,941,
2289,Gifto,GFT,942,
9868,XCAD Network,XCAD,943,
7055,DeFi Pulse Index,DPI,944,
21532,Aura Finance,AURA,945,
18112,Alpine F1 Team Fan Token,ALPINE,946,
29658,Blendr Network,BLENDR,947,
15270,Vita Inu,VINU,948,
8299,Stake DAO,SDT,949,
19118,Lumerin,LMR,950,
10049,Manchester City Fan Token,CITY,951,
9176,RocketX Exchange,RVF,952,
28245,Openfabric AI,OFN,953,
28654,UPCX,UPC,954,
32790,ETHEREUM IS GOOD,EBULL,955,
14977,Mintlayer,ML,956,
31779,Catownkimono,COK,957,
4710,Cere Network,CERE,958,
11750,Buying.com,BUY,959,
29203,BLOCKLORDS,LRDS,960,
22118,XEN Crypto,XEN,961,
28220,Soil,SOIL,962,
33211,Baby BNB,BABYBNB,963,
31456,Data Ownership Protocol,DOP,964,
29037,Gaimin,GMRX,965,
27276,Pepe 2.0,PEPE2.0,966,
11367,Aurory,AURY,967,
29605,GAM3S.GG,G3,968,
2643,Sentinel,DVPN,969,
28610,Inspect,INSP,970,
31900,RealGoat,RGOAT,971,
5226,Paris Saint-Germain Fan Token,PSG,972,
10368,Cryptex Finance,CTX,973,
30097,Fluence,FLT,974,
8992,Cellframe,CELL,975,
11222,Nine Chronicles,WNCG,976,
3035,Blocksquare,BST,977,
12785,Colony,CLY,978,
9177,Pitbull,PIT,979,
7440,BarnBridge,BOND,980,
10469,iMe Lab,LIME,981,
16481,Kasta,KASTA,982,
5957,DFI.money,YFII,983,
5804,DeFiChain,DFI,984,
10563,Decubate,DCB,985,
12319,DeFi Kingdoms,JEWEL,986,
31051,LOBO•THE•WOLF•PUP,LOBO,987,
12687,Lazio Fan Token,LAZIO,988,
28492,Zephyr Protocol,ZEPH,989,
23380,Nexa,NEXA,990,
10891,Only1,LIKE,991,
32964,Tron Bull Coin,TBULL,992,
23351,Creta World,CRETA,993,
2019,Viberate,VIB,994,
3628,Moonchain,MXC,995,
10744,zkRace,ZERC,996,
30608,Mystiko,XZK,997,
6715,Sperax,SPA,998,
9741,Solanium,SLIM,999,
31576,NuLink,NLK,1000,
